{"cameraMode":{"drawMode":0,"name":"Shaded","section":"Shading Mode"},"sceneLighting":false,"audioPlay":false,"sceneViewState":{"showFog":true,"showMaterialUpdate":false,"showSkybox":false,"showFlares":true,"showImageEffects":true,"showParticleSystems":true},"in2DMode":false,"pivot":{"x":74.95500183105469,"y":4.2613725662231449,"z":-75.0},"rotation":{"x":-0.33555835485458376,"y":-0.22388485074043275,"z":0.08243788778781891,"w":-0.9113086462020874},"size":6.409646034240723,"orthographic":false}